time,USER,PID,PPID,VSZ,RSS,WCHAN,ADDR,S,NAME
20:10:38:740541,u0_a84,26852,723,1445800,138024,0,0,S,com.android.chrome:privileged_process0
20:10:38:918695,u0_a84,26852,723,1446064,138024,0,0,S,com.android.chrome:privileged_process0
20:10:39:020173,u0_a84,26852,723,1446064,138024,0,0,S,com.android.chrome:privileged_process0
20:10:39:119405,u0_a84,26852,723,1446064,138024,0,0,S,com.android.chrome:privileged_process0
20:10:39:226867,u0_a84,26852,723,1446064,138024,0,0,S,com.android.chrome:privileged_process0
20:10:39:376335,u0_a84,26852,723,1446064,138024,0,0,S,com.android.chrome:privileged_process0
20:10:39:506781,u0_a84,26852,723,1446064,138024,0,0,S,com.android.chrome:privileged_process0
20:10:39:641545,u0_a84,26852,723,1446064,138024,0,0,S,com.android.chrome:privileged_process0
20:10:39:787506,u0_a84,26852,723,1446064,138024,0,0,S,com.android.chrome:privileged_process0
20:10:39:927180,u0_a84,26852,723,1445936,138040,0,0,S,com.android.chrome:privileged_process0
20:10:40:027851,u0_a84,26852,723,1440992,133104,0,0,S,com.android.chrome:privileged_process0
20:10:40:171848,u0_a84,26852,723,1440992,133104,0,0,S,com.android.chrome:privileged_process0
20:10:40:323382,u0_a84,26852,723,1440992,133104,0,0,S,com.android.chrome:privileged_process0
20:10:40:476227,u0_a84,26852,723,1459124,131124,0,0,S,com.android.chrome:privileged_process0
20:10:40:629224,u0_a84,26852,723,1475464,132468,0,0,S,com.android.chrome:privileged_process0
20:10:40:726783,u0_a84,26852,723,1467144,132272,0,0,S,com.android.chrome:privileged_process0
20:10:40:862012,u0_a84,26852,723,1466564,132056,0,0,S,com.android.chrome:privileged_process0
20:10:41:020597,u0_a84,26852,723,1467264,132628,0,0,S,com.android.chrome:privileged_process0
20:10:41:157562,u0_a84,26852,723,1467172,132620,0,0,S,com.android.chrome:privileged_process0
20:10:41:304239,u0_a84,26852,723,1467252,132692,0,0,S,com.android.chrome:privileged_process0
20:10:41:437195,u0_a84,26852,723,1467252,132692,0,0,S,com.android.chrome:privileged_process0
20:10:41:587271,u0_a84,26852,723,1467252,132692,0,0,S,com.android.chrome:privileged_process0
20:10:41:744325,u0_a84,26852,723,1467252,132692,0,0,S,com.android.chrome:privileged_process0
20:10:41:877151,u0_a84,26852,723,1467252,132692,0,0,S,com.android.chrome:privileged_process0
20:10:42:022591,u0_a84,26852,723,1465076,131972,0,0,S,com.android.chrome:privileged_process0
20:10:42:168346,u0_a84,26852,723,1465076,131972,0,0,S,com.android.chrome:privileged_process0
20:10:42:317256,u0_a84,26852,723,1465076,131972,0,0,S,com.android.chrome:privileged_process0
20:10:42:476743,u0_a84,26852,723,1465076,131972,0,0,S,com.android.chrome:privileged_process0
20:10:42:617842,u0_a84,26852,723,1465076,131972,0,0,S,com.android.chrome:privileged_process0
20:10:42:760054,u0_a84,26852,723,1465076,131972,0,0,S,com.android.chrome:privileged_process0
20:10:42:887872,u0_a84,26852,723,1465076,131972,0,0,S,com.android.chrome:privileged_process0
20:10:43:023884,u0_a84,26852,723,1465076,131972,0,0,S,com.android.chrome:privileged_process0
20:10:43:159690,u0_a84,26852,723,1465076,131972,0,0,S,com.android.chrome:privileged_process0
20:10:43:304321,u0_a84,26852,723,1464284,131200,0,0,S,com.android.chrome:privileged_process0
20:10:43:450873,u0_a84,26852,723,1464284,131200,0,0,S,com.android.chrome:privileged_process0
20:10:43:587370,u0_a84,26852,723,1464284,131200,0,0,S,com.android.chrome:privileged_process0
20:10:43:726491,u0_a84,26852,723,1464284,131164,0,0,S,com.android.chrome:privileged_process0
20:10:43:878363,u0_a84,26852,723,1464284,131164,0,0,S,com.android.chrome:privileged_process0
20:10:44:028911,u0_a84,26852,723,1464284,131164,0,0,S,com.android.chrome:privileged_process0
20:10:44:174037,u0_a84,26852,723,1464284,131164,0,0,S,com.android.chrome:privileged_process0
20:10:44:322928,u0_a84,26852,723,1464284,131164,0,0,S,com.android.chrome:privileged_process0
20:10:44:467943,u0_a84,26852,723,1464284,131164,0,0,S,com.android.chrome:privileged_process0
20:10:44:621560,u0_a84,26852,723,1464284,131164,0,0,S,com.android.chrome:privileged_process0
20:10:44:772248,u0_a84,26852,723,1464284,131164,0,0,S,com.android.chrome:privileged_process0
20:10:44:928255,u0_a84,26852,723,1464284,131164,0,0,S,com.android.chrome:privileged_process0
20:10:45:083640,u0_a84,26852,723,1464284,131164,0,0,S,com.android.chrome:privileged_process0
20:10:45:218098,u0_a84,26852,723,1464284,131164,0,0,S,com.android.chrome:privileged_process0
20:10:45:364585,u0_a84,26852,723,1464284,131164,0,0,S,com.android.chrome:privileged_process0
20:10:45:514833,u0_a84,26852,723,1464284,131164,0,0,S,com.android.chrome:privileged_process0
20:10:45:662367,u0_a84,26852,723,1464284,131164,0,0,S,com.android.chrome:privileged_process0
20:10:45:815695,u0_a84,26852,723,1464284,131164,0,0,S,com.android.chrome:privileged_process0
20:10:45:964992,u0_a84,26852,723,1456556,130980,0,0,S,com.android.chrome:privileged_process0
20:10:46:092073,u0_a84,26852,723,1456556,130980,0,0,S,com.android.chrome:privileged_process0
20:10:46:240535,u0_a84,26852,723,1456556,130980,0,0,S,com.android.chrome:privileged_process0
20:10:46:384204,u0_a84,26852,723,1456556,130980,0,0,S,com.android.chrome:privileged_process0
20:10:46:526560,u0_a84,26852,723,1456556,130980,0,0,S,com.android.chrome:privileged_process0
20:10:46:673753,u0_a84,26852,723,1456556,130980,0,0,S,com.android.chrome:privileged_process0
20:10:46:829368,u0_a84,26852,723,1456556,130980,0,0,S,com.android.chrome:privileged_process0
20:10:46:987731,u0_a84,26852,723,1456556,130980,0,0,S,com.android.chrome:privileged_process0
20:10:47:139946,u0_a84,26852,723,1456556,130980,0,0,S,com.android.chrome:privileged_process0
20:10:47:272557,u0_a84,26852,723,1456556,130980,0,0,S,com.android.chrome:privileged_process0
20:10:47:417008,u0_a84,26852,723,1456556,130980,0,0,S,com.android.chrome:privileged_process0
20:10:47:544916,u0_a84,26852,723,1456556,130980,0,0,S,com.android.chrome:privileged_process0
20:10:47:693997,u0_a84,26852,723,1456556,130980,0,0,S,com.android.chrome:privileged_process0
20:10:47:842006,u0_a84,26852,723,1456556,130980,0,0,S,com.android.chrome:privileged_process0
20:10:47:978672,u0_a84,26852,723,1456556,130980,0,0,S,com.android.chrome:privileged_process0
20:10:48:123698,u0_a84,26852,723,1456556,130980,0,0,S,com.android.chrome:privileged_process0
20:10:48:262299,u0_a84,26852,723,1456556,130980,0,0,S,com.android.chrome:privileged_process0
20:10:48:418689,u0_a84,26852,723,1456556,130980,0,0,S,com.android.chrome:privileged_process0
20:10:48:584813,u0_a84,26852,723,1456556,130980,0,0,S,com.android.chrome:privileged_process0
